Rank,Name,Count
1,70. VEGAN MEATLESS MIKE,142
2,291. VEGAN PEE WEE,130
3,301. VEGAN HANDSOME OWL,71
4,1122. VEGAN TAILOR'S BOOTY,57
5,219. VEGAN FALL'ING FOR IKE'S,57
6,564. VEGAN DAY OFF (Long Beach Exclusive),54
7,246. VEGAN JAMES & THE GIANT PEACH,48
8,892. VEGAN PIRATES OR PILATES,38
9,299. VEGAN MEL-LO KITTY,36
10,315. VEGAN BONNIE-JILL,29
11,233. VEGAN BUD BUNDY,29
12,275. VEGAN KIRK RUETER,27
13,750. VEGAN HADES,23
14,170. VEGAN NOT SO SLOPPY IKE,22
15,600. VEGAN PERSEPHONE,21